,asdf
0,StockList object (000020)
1,StockList object (000040)
2,StockList object (000050)
3,StockList object (000060)
4,StockList object (000070)
5,StockList object (000080)
6,StockList object (000100)
7,StockList object (000120)
8,StockList object (000140)
9,StockList object (000150)
10,StockList object (000180)
11,StockList object (000210)
12,StockList object (000220)
13,StockList object (000230)
14,StockList object (000240)
15,StockList object (000250)
16,StockList object (000270)
17,StockList object (000300)
18,StockList object (000320)
19,StockList object (000370)
20,StockList object (000390)
21,StockList object (000400)
22,StockList object (000430)
23,StockList object (000440)
24,StockList object (000480)
25,StockList object (000490)
26,StockList object (000500)
27,StockList object (000520)
28,StockList object (000540)
29,StockList object (000590)
30,StockList object (000640)
31,StockList object (000650)
32,StockList object (000660)
33,StockList object (000670)
34,StockList object (000680)
35,StockList object (000700)
36,StockList object (000720)
37,StockList object (000760)
38,StockList object (000810)
39,StockList object (000850)
40,StockList object (000860)
41,StockList object (000880)
42,StockList object (000890)
43,StockList object (000910)
44,StockList object (000950)
45,StockList object (000970)
46,StockList object (000990)
47,StockList object (001000)
48,StockList object (001020)
49,StockList object (001040)
50,StockList object (001060)
51,StockList object (001070)
52,StockList object (001080)
53,StockList object (001120)
54,StockList object (001130)
55,StockList object (001140)
56,StockList object (001200)
57,StockList object (001210)
58,StockList object (001230)
59,StockList object (001250)
60,StockList object (001260)
61,StockList object (001270)
62,StockList object (001290)
63,StockList object (001340)
64,StockList object (001360)
65,StockList object (001380)
66,StockList object (001390)
67,StockList object (001420)
68,StockList object (001430)
69,StockList object (001440)
70,StockList object (001450)
71,StockList object (001460)
72,StockList object (001470)
73,StockList object (001500)
74,StockList object (001510)
75,StockList object (001520)
76,StockList object (001530)
77,StockList object (001540)
78,StockList object (001550)
79,StockList object (001560)
80,StockList object (001570)
81,StockList object (001620)
82,StockList object (001630)
83,StockList object (001680)
84,StockList object (001720)
85,StockList object (001740)
86,StockList object (001750)
87,StockList object (001770)
88,StockList object (001780)
89,StockList object (001790)
90,StockList object (001800)
91,StockList object (001810)
92,StockList object (001820)
93,StockList object (001840)
94,StockList object (001880)
95,StockList object (001940)
96,StockList object (002020)
97,StockList object (002030)
98,StockList object (002070)
99,StockList object (002100)
100,StockList object (002140)
101,StockList object (002150)
102,StockList object (002170)
103,StockList object (002200)
104,StockList object (002210)
105,StockList object (002220)
106,StockList object (002230)
107,StockList object (002240)
108,StockList object (002270)
109,StockList object (002290)
110,StockList object (002310)
111,StockList object (002320)
112,StockList object (002350)
113,StockList object (002360)
114,StockList object (002380)
115,StockList object (002390)
116,StockList object (002410)
117,StockList object (002420)
118,StockList object (002450)
119,StockList object (002460)
120,StockList object (002600)
121,StockList object (002620)
122,StockList object (002630)
123,StockList object (002680)
124,StockList object (002690)
125,StockList object (002700)
126,StockList object (002710)
127,StockList object (002720)
128,StockList object (002760)
129,StockList object (002780)
130,StockList object (002790)
131,StockList object (002800)
132,StockList object (002810)
133,StockList object (002820)
134,StockList object (002840)
135,StockList object (002870)
136,StockList object (002880)
137,StockList object (002900)
138,StockList object (002920)
139,StockList object (002960)
140,StockList object (002990)
141,StockList object (003000)
142,StockList object (003010)
143,StockList object (003030)
144,StockList object (003060)
145,StockList object (003070)
146,StockList object (003080)
147,StockList object (003090)
148,StockList object (003100)
149,StockList object (003120)
150,StockList object (003160)
151,StockList object (003200)
152,StockList object (003220)
153,StockList object (003230)
154,StockList object (003240)
155,StockList object (003280)
156,StockList object (003300)
157,StockList object (003310)
158,StockList object (003350)
159,StockList object (003380)
160,StockList object (003410)
161,StockList object (003460)
162,StockList object (003470)
163,StockList object (003480)
164,StockList object (003490)
165,StockList object (003520)
166,StockList object (003530)
167,StockList object (003540)
168,StockList object (003550)
169,StockList object (003560)
170,StockList object (003570)
171,StockList object (003610)
172,StockList object (003620)
173,StockList object (003650)
174,StockList object (003670)
175,StockList object (003680)
176,StockList object (003690)
177,StockList object (003720)
178,StockList object (003780)
179,StockList object (003800)
180,StockList object (003830)
181,StockList object (003850)
182,StockList object (003920)
183,StockList object (003960)
184,StockList object (004000)
185,StockList object (004020)
186,StockList object (004060)
187,StockList object (004080)
188,StockList object (004090)
189,StockList object (004100)
190,StockList object (004140)
191,StockList object (004150)
192,StockList object (004170)
193,StockList object (004250)
194,StockList object (004270)
195,StockList object (004310)
196,StockList object (004360)
197,StockList object (004370)
198,StockList object (004380)
199,StockList object (004410)
200,StockList object (004430)
201,StockList object (004440)
202,StockList object (004450)
203,StockList object (004490)
204,StockList object (004540)
205,StockList object (004560)
206,StockList object (004590)
207,StockList object (004650)
208,StockList object (004690)
209,StockList object (004700)
210,StockList object (004710)
211,StockList object (004720)
212,StockList object (004770)
213,StockList object (004780)
214,StockList object (004800)
215,StockList object (004830)
216,StockList object (004840)
217,StockList object (004870)
218,StockList object (004890)
219,StockList object (004910)
220,StockList object (004920)
221,StockList object (004960)
222,StockList object (004980)
223,StockList object (004990)
224,StockList object (005010)
225,StockList object (005030)
226,StockList object (005070)
227,StockList object (005090)
228,StockList object (005110)
229,StockList object (005160)
230,StockList object (005180)
231,StockList object (005250)
232,StockList object (005290)
233,StockList object (005300)
234,StockList object (005320)
235,StockList object (005360)
236,StockList object (005380)
237,StockList object (005390)
238,StockList object (005420)
239,StockList object (005430)
240,StockList object (005440)
241,StockList object (005490)
242,StockList object (005500)
243,StockList object (005610)
244,StockList object (005670)
245,StockList object (005680)
246,StockList object (005690)
247,StockList object (005710)
248,StockList object (005720)
249,StockList object (005740)
250,StockList object (005750)
251,StockList object (005800)
252,StockList object (005810)
253,StockList object (005820)
254,StockList object (005830)
255,StockList object (005850)
256,StockList object (005860)
257,StockList object (005870)
258,StockList object (005880)
259,StockList object (005930)
260,StockList object (005940)
261,StockList object (005950)
262,StockList object (005960)
263,StockList object (005990)
264,StockList object (006050)
265,StockList object (006060)
266,StockList object (006090)
267,StockList object (006110)
268,StockList object (006120)
269,StockList object (006140)
270,StockList object (006200)
271,StockList object (006220)
272,StockList object (006260)
273,StockList object (006280)
274,StockList object (006340)
275,StockList object (006360)
276,StockList object (006370)
277,StockList object (006380)
278,StockList object (006390)
279,StockList object (006400)
280,StockList object (006490)
281,StockList object (006570)
282,StockList object (006580)
283,StockList object (006620)
284,StockList object (006650)
285,StockList object (006660)
286,StockList object (006740)
287,StockList object (006800)
288,StockList object (006840)
289,StockList object (006880)
290,StockList object (006890)
291,StockList object (006910)
292,StockList object (006920)
293,StockList object (006980)
294,StockList object (007070)
295,StockList object (007110)
296,StockList object (007120)
297,StockList object (007210)
298,StockList object (007280)
299,StockList object (007310)
300,StockList object (007330)
301,StockList object (007340)
302,StockList object (007370)
303,StockList object (007390)
304,StockList object (007460)
305,StockList object (007530)
306,StockList object (007540)
307,StockList object (007570)
308,StockList object (007590)
309,StockList object (007610)
310,StockList object (007630)
311,StockList object (007660)
312,StockList object (007680)
313,StockList object (007690)
314,StockList object (007700)
315,StockList object (007720)
316,StockList object (007770)
317,StockList object (007810)
318,StockList object (007820)
319,StockList object (007860)
320,StockList object (007980)
321,StockList object (008040)
322,StockList object (008060)
323,StockList object (008110)
324,StockList object (008250)
325,StockList object (008260)
326,StockList object (008290)
327,StockList object (008350)
328,StockList object (008370)
329,StockList object (008420)
330,StockList object (008470)
331,StockList object (008490)
332,StockList object (008500)
333,StockList object (008560)
334,StockList object (008600)
335,StockList object (008700)
336,StockList object (008730)
337,StockList object (008770)
338,StockList object (008800)
339,StockList object (008830)
340,StockList object (008870)
341,StockList object (008930)
342,StockList object (008970)
343,StockList object (009070)
344,StockList object (009140)
345,StockList object (009150)
346,StockList object (009160)
347,StockList object (009180)
348,StockList object (009190)
349,StockList object (009200)
350,StockList object (009240)
351,StockList object (009270)
352,StockList object (009290)
353,StockList object (009300)
354,StockList object (009310)
355,StockList object (009320)
356,StockList object (009410)
357,StockList object (009420)
358,StockList object (009440)
359,StockList object (009450)
360,StockList object (009460)
361,StockList object (009470)
362,StockList object (009520)
363,StockList object (009540)
364,StockList object (009580)
365,StockList object (009620)
366,StockList object (009680)
367,StockList object (009730)
368,StockList object (009770)
369,StockList object (009780)
370,StockList object (009810)
371,StockList object (009830)
372,StockList object (009900)
373,StockList object (009970)
374,StockList object (010040)
375,StockList object (010050)
376,StockList object (010060)
377,StockList object (010100)
378,StockList object (010120)
379,StockList object (010130)
380,StockList object (010140)
381,StockList object (010170)
382,StockList object (010240)
383,StockList object (010280)
384,StockList object (010400)
385,StockList object (010420)
386,StockList object (010580)
387,StockList object (010600)
388,StockList object (010620)
389,StockList object (010640)
390,StockList object (010660)
391,StockList object (010690)
392,StockList object (010770)
393,StockList object (010780)
394,StockList object (010820)
395,StockList object (010950)
396,StockList object (010960)
397,StockList object (011000)
398,StockList object (011040)
399,StockList object (011070)
400,StockList object (011080)
401,StockList object (011090)
402,StockList object (011150)
403,StockList object (011170)
404,StockList object (011200)
405,StockList object (011210)
406,StockList object (011230)
407,StockList object (011280)
408,StockList object (011300)
409,StockList object (011320)
410,StockList object (011330)
411,StockList object (011370)
412,StockList object (011390)
413,StockList object (011420)
414,StockList object (011500)
415,StockList object (011560)
416,StockList object (011690)
417,StockList object (011700)
418,StockList object (011760)
419,StockList object (011780)
420,StockList object (011790)
421,StockList object (011810)
422,StockList object (011930)
423,StockList object (012030)
424,StockList object (012160)
425,StockList object (012170)
426,StockList object (012200)
427,StockList object (012280)
428,StockList object (012320)
429,StockList object (012330)
430,StockList object (012340)
431,StockList object (012450)
432,StockList object (012510)
433,StockList object (012600)
434,StockList object (012610)
435,StockList object (012620)
436,StockList object (012630)
437,StockList object (012690)
438,StockList object (012700)
439,StockList object (012750)
440,StockList object (012790)
441,StockList object (012800)
442,StockList object (012860)
443,StockList object (013000)
444,StockList object (013030)
445,StockList object (013120)
446,StockList object (013310)
447,StockList object (013360)
448,StockList object (013520)
449,StockList object (013570)
450,StockList object (013580)
451,StockList object (013700)
452,StockList object (013720)
453,StockList object (013810)
454,StockList object (013870)
455,StockList object (013890)
456,StockList object (013990)
457,StockList object (014100)
458,StockList object (014130)
459,StockList object (014160)
460,StockList object (014190)
461,StockList object (014200)
462,StockList object (014280)
463,StockList object (014440)
464,StockList object (014470)
465,StockList object (014530)
466,StockList object (014570)
467,StockList object (014580)
468,StockList object (014620)
469,StockList object (014680)
470,StockList object (014710)
471,StockList object (014790)
472,StockList object (014820)
473,StockList object (014830)
474,StockList object (014910)
475,StockList object (014940)
476,StockList object (014970)
477,StockList object (014990)
478,StockList object (015020)
479,StockList object (015230)
480,StockList object (015260)
481,StockList object (015350)
482,StockList object (015360)
483,StockList object (015540)
484,StockList object (015590)
485,StockList object (015710)
486,StockList object (015750)
487,StockList object (015760)
488,StockList object (015860)
489,StockList object (015890)
490,StockList object (016090)
491,StockList object (016100)
492,StockList object (016250)
493,StockList object (016360)
494,StockList object (016380)
495,StockList object (016450)
496,StockList object (016580)
497,StockList object (016590)
498,StockList object (016600)
499,StockList object (016610)
500,StockList object (016670)
501,StockList object (016710)
502,StockList object (016740)
503,StockList object (016790)
504,StockList object (016800)
505,StockList object (016880)
506,StockList object (016920)
507,StockList object (017000)
508,StockList object (017040)
509,StockList object (017180)
510,StockList object (017250)
511,StockList object (017370)
512,StockList object (017390)
513,StockList object (017480)
514,StockList object (017510)
515,StockList object (017550)
516,StockList object (017650)
517,StockList object (017670)
518,StockList object (017800)
519,StockList object (017810)
520,StockList object (017890)
521,StockList object (017900)
522,StockList object (017940)
523,StockList object (017960)
524,StockList object (018000)
525,StockList object (018120)
526,StockList object (018250)
527,StockList object (018260)
528,StockList object (018290)
529,StockList object (018310)
530,StockList object (018470)
531,StockList object (018500)
532,StockList object (018620)
533,StockList object (018670)
534,StockList object (018680)
535,StockList object (018700)
536,StockList object (018880)
537,StockList object (019010)
538,StockList object (019170)
539,StockList object (019180)
540,StockList object (019210)
541,StockList object (019440)
542,StockList object (019490)
543,StockList object (019540)
544,StockList object (019550)
545,StockList object (019570)
546,StockList object (019590)
547,StockList object (019660)
548,StockList object (019680)
549,StockList object (019770)
550,StockList object (019990)
551,StockList object (020000)
552,StockList object (020120)
553,StockList object (020150)
554,StockList object (020180)
555,StockList object (020400)
556,StockList object (020560)
557,StockList object (020760)
558,StockList object (021040)
559,StockList object (021050)
560,StockList object (021080)
561,StockList object (021240)
562,StockList object (021320)
563,StockList object (021650)
564,StockList object (021820)
565,StockList object (021880)
566,StockList object (022220)
567,StockList object (023000)
568,StockList object (023150)
569,StockList object (023160)
570,StockList object (023350)
571,StockList object (023410)
572,StockList object (023440)
573,StockList object (023450)
574,StockList object (023460)
575,StockList object (023530)
576,StockList object (023590)
577,StockList object (023600)
578,StockList object (023760)
579,StockList object (023770)
580,StockList object (023790)
581,StockList object (023800)
582,StockList object (023810)
583,StockList object (023900)
584,StockList object (023910)
585,StockList object (023960)
586,StockList object (024060)
587,StockList object (024070)
588,StockList object (024090)
589,StockList object (024110)
590,StockList object (024120)
591,StockList object (024720)
592,StockList object (024740)
593,StockList object (024800)
594,StockList object (024810)
595,StockList object (024830)
596,StockList object (024840)
597,StockList object (024850)
598,StockList object (024880)
599,StockList object (024890)
600,StockList object (024900)
601,StockList object (024910)
602,StockList object (024940)
603,StockList object (024950)
604,StockList object (025000)
605,StockList object (025320)
606,StockList object (025440)
607,StockList object (025530)
608,StockList object (025540)
609,StockList object (025550)
610,StockList object (025560)
611,StockList object (025620)
612,StockList object (025750)
613,StockList object (025770)
614,StockList object (025820)
615,StockList object (025860)
616,StockList object (025870)
617,StockList object (025880)
618,StockList object (025890)
619,StockList object (025900)
620,StockList object (025950)
621,StockList object (026040)
622,StockList object (026150)
623,StockList object (026890)
624,StockList object (026910)
625,StockList object (026940)
626,StockList object (026960)
627,StockList object (027040)
628,StockList object (027050)
629,StockList object (027360)
630,StockList object (027410)
631,StockList object (027580)
632,StockList object (027710)
633,StockList object (027740)
634,StockList object (027830)
635,StockList object (027970)
636,StockList object (028050)
637,StockList object (028080)
638,StockList object (028100)
639,StockList object (028150)
640,StockList object (028260)
641,StockList object (028300)
642,StockList object (028670)
643,StockList object (029460)
644,StockList object (029480)
645,StockList object (029530)
646,StockList object (029780)
647,StockList object (030000)
648,StockList object (030200)
649,StockList object (030210)
650,StockList object (030350)
651,StockList object (030520)
652,StockList object (030530)
653,StockList object (030610)
654,StockList object (030790)
655,StockList object (030960)
656,StockList object (031310)
657,StockList object (031330)
658,StockList object (031390)
659,StockList object (031430)
660,StockList object (031440)
661,StockList object (031510)
662,StockList object (031820)
663,StockList object (031860)
664,StockList object (031980)
665,StockList object (032080)
666,StockList object (032190)
667,StockList object (032280)
668,StockList object (032300)
669,StockList object (032350)
670,StockList object (032500)
671,StockList object (032540)
672,StockList object (032560)
673,StockList object (032580)
674,StockList object (032620)
675,StockList object (032640)
676,StockList object (032680)
677,StockList object (032750)
678,StockList object (032790)
679,StockList object (032800)
680,StockList object (032820)
681,StockList object (032830)
682,StockList object (032850)
683,StockList object (032940)
684,StockList object (032960)
685,StockList object (032980)
686,StockList object (033050)
687,StockList object (033100)
688,StockList object (033110)
689,StockList object (033130)
690,StockList object (033160)
691,StockList object (033170)
692,StockList object (033180)
693,StockList object (033200)
694,StockList object (033230)
695,StockList object (033240)
696,StockList object (033250)
697,StockList object (033270)
698,StockList object (033290)
699,StockList object (033310)
700,StockList object (033320)
701,StockList object (033340)
702,StockList object (033430)
703,StockList object (033500)
704,StockList object (033530)
705,StockList object (033540)
706,StockList object (033560)
707,StockList object (033600)
708,StockList object (033640)
709,StockList object (033660)
710,StockList object (033780)
711,StockList object (033790)
712,StockList object (033830)
713,StockList object (033920)
714,StockList object (034020)
715,StockList object (034120)
716,StockList object (034220)
717,StockList object (034230)
718,StockList object (034300)
719,StockList object (034310)
720,StockList object (034590)
721,StockList object (034730)
722,StockList object (034810)
723,StockList object (034830)
724,StockList object (034940)
725,StockList object (035000)
726,StockList object (035080)
727,StockList object (035150)
728,StockList object (035200)
729,StockList object (035250)
730,StockList object (035290)
731,StockList object (035420)
732,StockList object (035460)
733,StockList object (035510)
734,StockList object (035600)
735,StockList object (035620)
736,StockList object (035720)
737,StockList object (035760)
738,StockList object (035810)
739,StockList object (035890)
740,StockList object (035900)
741,StockList object (036000)
742,StockList object (036010)
743,StockList object (036030)
744,StockList object (036090)
745,StockList object (036170)
746,StockList object (036180)
747,StockList object (036190)
748,StockList object (036200)
749,StockList object (036420)
750,StockList object (036460)
751,StockList object (036480)
752,StockList object (036490)
753,StockList object (036530)
754,StockList object (036540)
755,StockList object (036560)
756,StockList object (036570)
757,StockList object (036580)
758,StockList object (036620)
759,StockList object (036630)
760,StockList object (036640)
761,StockList object (036670)
762,StockList object (036690)
763,StockList object (036710)
764,StockList object (036800)
765,StockList object (036810)
766,StockList object (036890)
767,StockList object (036930)
768,StockList object (037030)
769,StockList object (037070)
770,StockList object (037230)
771,StockList object (037270)
772,StockList object (037330)
773,StockList object (037370)
774,StockList object (037400)
775,StockList object (037460)
776,StockList object (037560)
777,StockList object (037710)
778,StockList object (037760)
779,StockList object (037950)
780,StockList object (038010)
781,StockList object (038060)
782,StockList object (038070)
783,StockList object (038110)
784,StockList object (038160)
785,StockList object (038460)
786,StockList object (038500)
787,StockList object (038530)
788,StockList object (038540)
789,StockList object (038620)
790,StockList object (038680)
791,StockList object (038880)
792,StockList object (038950)
793,StockList object (039010)
794,StockList object (039020)
795,StockList object (039030)
796,StockList object (039130)
797,StockList object (039200)
798,StockList object (039230)
799,StockList object (039240)
800,StockList object (039290)
801,StockList object (039340)
802,StockList object (039420)
803,StockList object (039440)
804,StockList object (039490)
805,StockList object (039560)
806,StockList object (039570)
807,StockList object (039610)
808,StockList object (039670)
809,StockList object (039740)
810,StockList object (039840)
811,StockList object (039860)
812,StockList object (039980)
813,StockList object (040160)
814,StockList object (040300)
815,StockList object (040350)
816,StockList object (040610)
817,StockList object (040910)
818,StockList object (041020)
819,StockList object (041140)
820,StockList object (041190)
821,StockList object (041440)
822,StockList object (041460)
823,StockList object (041510)
824,StockList object (041520)
825,StockList object (041590)
826,StockList object (041650)
827,StockList object (041830)
828,StockList object (041910)
829,StockList object (041920)
830,StockList object (041930)
831,StockList object (041960)
832,StockList object (042000)
833,StockList object (042040)
834,StockList object (042110)
835,StockList object (042370)
836,StockList object (042420)
837,StockList object (042500)
838,StockList object (042510)
839,StockList object (042520)
840,StockList object (042600)
841,StockList object (042660)
842,StockList object (042670)
843,StockList object (042700)
844,StockList object (042940)
845,StockList object (043090)
846,StockList object (043100)
847,StockList object (043150)
848,StockList object (043200)
849,StockList object (043220)
850,StockList object (043260)
851,StockList object (043290)
852,StockList object (043340)
853,StockList object (043360)
854,StockList object (043370)
855,StockList object (043590)
856,StockList object (043610)
857,StockList object (043650)
858,StockList object (043710)
859,StockList object (044060)
860,StockList object (044180)
861,StockList object (044340)
862,StockList object (044380)
863,StockList object (044450)
864,StockList object (044480)
865,StockList object (044490)
866,StockList object (044780)
867,StockList object (044820)
868,StockList object (044960)
869,StockList object (045060)
870,StockList object (045300)
871,StockList object (045340)
872,StockList object (045390)
873,StockList object (045510)
874,StockList object (045520)
875,StockList object (045660)
876,StockList object (045890)
877,StockList object (045970)
878,StockList object (046070)
879,StockList object (046110)
880,StockList object (046140)
881,StockList object (046210)
882,StockList object (046310)
883,StockList object (046390)
884,StockList object (046440)
885,StockList object (046890)
886,StockList object (046940)
887,StockList object (046970)
888,StockList object (047040)
889,StockList object (047050)
890,StockList object (047080)
891,StockList object (047310)
892,StockList object (047400)
893,StockList object (047560)
894,StockList object (047770)
895,StockList object (047810)
896,StockList object (047820)
897,StockList object (048260)
898,StockList object (048410)
899,StockList object (048430)
900,StockList object (048470)
901,StockList object (048530)
902,StockList object (048550)
903,StockList object (048770)
904,StockList object (048830)
905,StockList object (048870)
906,StockList object (048910)
907,StockList object (049070)
908,StockList object (049080)
909,StockList object (049120)
910,StockList object (049180)
911,StockList object (049430)
912,StockList object (049470)
913,StockList object (049480)
914,StockList object (049520)
915,StockList object (049550)
916,StockList object (049630)
917,StockList object (049770)
918,StockList object (049800)
919,StockList object (049830)
920,StockList object (049950)
921,StockList object (049960)
922,StockList object (050090)
923,StockList object (050110)
924,StockList object (050120)
925,StockList object (050320)
926,StockList object (050760)
927,StockList object (050860)
928,StockList object (050890)
929,StockList object (050960)
930,StockList object (051160)
931,StockList object (051360)
932,StockList object (051370)
933,StockList object (051380)
934,StockList object (051390)
935,StockList object (051490)
936,StockList object (051500)
937,StockList object (051600)
938,StockList object (051630)
939,StockList object (051780)
940,StockList object (051900)
941,StockList object (051910)
942,StockList object (051980)
943,StockList object (052020)
944,StockList object (052190)
945,StockList object (052220)
946,StockList object (052260)
947,StockList object (052300)
948,StockList object (052330)
949,StockList object (052400)
950,StockList object (052420)
951,StockList object (052460)
952,StockList object (052600)
953,StockList object (052670)
954,StockList object (052690)
955,StockList object (052710)
956,StockList object (052770)
957,StockList object (052790)
958,StockList object (052860)
959,StockList object (052900)
960,StockList object (053030)
961,StockList object (053060)
962,StockList object (053080)
963,StockList object (053110)
964,StockList object (053160)
965,StockList object (053210)
966,StockList object (053260)
967,StockList object (053270)
968,StockList object (053280)
969,StockList object (053290)
970,StockList object (053300)
971,StockList object (053350)
972,StockList object (053450)
973,StockList object (053580)
974,StockList object (053590)
975,StockList object (053610)
976,StockList object (053620)
977,StockList object (053660)
978,StockList object (053690)
979,StockList object (053700)
980,StockList object (053800)
981,StockList object (053950)
982,StockList object (053980)
983,StockList object (054040)
984,StockList object (054090)
985,StockList object (054180)
986,StockList object (054210)
987,StockList object (054220)
988,StockList object (054300)
989,StockList object (054410)
990,StockList object (054450)
991,StockList object (054540)
992,StockList object (054620)
993,StockList object (054630)
994,StockList object (054670)
995,StockList object (054780)
996,StockList object (054920)
997,StockList object (054940)
998,StockList object (054950)
999,StockList object (055490)
1000,StockList object (055550)
1001,StockList object (056000)
1002,StockList object (056080)
1003,StockList object (056090)
1004,StockList object (056190)
1005,StockList object (056360)
1006,StockList object (056700)
1007,StockList object (056730)
1008,StockList object (057050)
1009,StockList object (057540)
1010,StockList object (057680)
1011,StockList object (057880)
1012,StockList object (058110)
1013,StockList object (058220)
1014,StockList object (058400)
1015,StockList object (058420)
1016,StockList object (058430)
1017,StockList object (058450)
1018,StockList object (058470)
1019,StockList object (058530)
1020,StockList object (058610)
1021,StockList object (058630)
1022,StockList object (058650)
1023,StockList object (058730)
1024,StockList object (058820)
1025,StockList object (058850)
1026,StockList object (058860)
1027,StockList object (059090)
1028,StockList object (059100)
1029,StockList object (059120)
1030,StockList object (059210)
1031,StockList object (059270)
1032,StockList object (060230)
1033,StockList object (060240)
1034,StockList object (060250)
1035,StockList object (060260)
1036,StockList object (060280)
1037,StockList object (060300)
1038,StockList object (060310)
1039,StockList object (060370)
1040,StockList object (060380)
1041,StockList object (060480)
1042,StockList object (060540)
1043,StockList object (060560)
1044,StockList object (060570)
1045,StockList object (060590)
1046,StockList object (060720)
1047,StockList object (060850)
1048,StockList object (060900)
1049,StockList object (060980)
1050,StockList object (061040)
1051,StockList object (061250)
1052,StockList object (061970)
1053,StockList object (062860)
1054,StockList object (062970)
1055,StockList object (063080)
1056,StockList object (063160)
1057,StockList object (063170)
1058,StockList object (063440)
1059,StockList object (063760)
1060,StockList object (064090)
1061,StockList object (064240)
1062,StockList object (064260)
1063,StockList object (064290)
1064,StockList object (064350)
1065,StockList object (064480)
1066,StockList object (064510)
1067,StockList object (064520)
1068,StockList object (064550)
1069,StockList object (064760)
1070,StockList object (064800)
1071,StockList object (064820)
1072,StockList object (064960)
1073,StockList object (065060)
1074,StockList object (065130)
1075,StockList object (065150)
1076,StockList object (065170)
1077,StockList object (065350)
1078,StockList object (065370)
1079,StockList object (065440)
1080,StockList object (065450)
1081,StockList object (065500)
1082,StockList object (065510)
1083,StockList object (065530)
1084,StockList object (065560)
1085,StockList object (065570)
1086,StockList object (065620)
1087,StockList object (065650)
1088,StockList object (065660)
1089,StockList object (065680)
1090,StockList object (065690)
1091,StockList object (065710)
1092,StockList object (065770)
1093,StockList object (065950)
1094,StockList object (066110)
1095,StockList object (066130)
1096,StockList object (066310)
1097,StockList object (066360)
1098,StockList object (066410)
1099,StockList object (066430)
1100,StockList object (066570)
1101,StockList object (066590)
1102,StockList object (066620)
1103,StockList object (066670)
1104,StockList object (066700)
1105,StockList object (066790)
1106,StockList object (066900)
1107,StockList object (066910)
1108,StockList object (066970)
1109,StockList object (066980)
1110,StockList object (067000)
1111,StockList object (067010)
1112,StockList object (067080)
1113,StockList object (067160)
1114,StockList object (067170)
1115,StockList object (067280)
1116,StockList object (067290)
1117,StockList object (067310)
1118,StockList object (067390)
1119,StockList object (067570)
1120,StockList object (067730)
1121,StockList object (067770)
1122,StockList object (067830)
1123,StockList object (067920)
1124,StockList object (067990)
1125,StockList object (068050)
1126,StockList object (068240)
1127,StockList object (068270)
1128,StockList object (068290)
1129,StockList object (068330)
1130,StockList object (068400)
1131,StockList object (068760)
1132,StockList object (068790)
1133,StockList object (068940)
1134,StockList object (069080)
1135,StockList object (069110)
1136,StockList object (069140)
1137,StockList object (069260)
1138,StockList object (069330)
1139,StockList object (069410)
1140,StockList object (069460)
1141,StockList object (069510)
1142,StockList object (069540)
1143,StockList object (069620)
1144,StockList object (069640)
1145,StockList object (069730)
1146,StockList object (069920)
1147,StockList object (069960)
1148,StockList object (070300)
1149,StockList object (070590)
1150,StockList object (070960)
1151,StockList object (071050)
1152,StockList object (071090)
1153,StockList object (071200)
1154,StockList object (071280)
1155,StockList object (071320)
1156,StockList object (071460)
1157,StockList object (071670)
1158,StockList object (071840)
1159,StockList object (071850)
1160,StockList object (071950)
1161,StockList object (071970)
1162,StockList object (072020)
1163,StockList object (072130)
1164,StockList object (072470)
1165,StockList object (072520)
1166,StockList object (072710)
1167,StockList object (072770)
1168,StockList object (072870)
1169,StockList object (072950)
1170,StockList object (073010)
1171,StockList object (073070)
1172,StockList object (073110)
1173,StockList object (073190)
1174,StockList object (073240)
1175,StockList object (073490)
1176,StockList object (073540)
1177,StockList object (073560)
1178,StockList object (073570)
1179,StockList object (073640)
1180,StockList object (074430)
1181,StockList object (074600)
1182,StockList object (074610)
1183,StockList object (075130)
1184,StockList object (075180)
1185,StockList object (075580)
1186,StockList object (075970)
1187,StockList object (076080)
1188,StockList object (076610)
1189,StockList object (077360)
1190,StockList object (077500)
1191,StockList object (077970)
1192,StockList object (078000)
1193,StockList object (078020)
1194,StockList object (078070)
1195,StockList object (078130)
1196,StockList object (078140)
1197,StockList object (078150)
1198,StockList object (078160)
1199,StockList object (078340)
1200,StockList object (078350)
1201,StockList object (078520)
1202,StockList object (078590)
1203,StockList object (078600)
1204,StockList object (078650)
1205,StockList object (078860)
1206,StockList object (078890)
1207,StockList object (078930)
1208,StockList object (078940)
1209,StockList object (079000)
1210,StockList object (079160)
1211,StockList object (079170)
1212,StockList object (079190)
1213,StockList object (079370)
1214,StockList object (079430)
1215,StockList object (079550)
1216,StockList object (079650)
1217,StockList object (079810)
1218,StockList object (079940)
1219,StockList object (079950)
1220,StockList object (079960)
1221,StockList object (079970)
1222,StockList object (079980)
1223,StockList object (080000)
1224,StockList object (080010)
1225,StockList object (080220)
1226,StockList object (080420)
1227,StockList object (080440)
1228,StockList object (080470)
1229,StockList object (080520)
1230,StockList object (080530)
1231,StockList object (080580)
1232,StockList object (080720)
1233,StockList object (081000)
1234,StockList object (081150)
1235,StockList object (081580)
1236,StockList object (081660)
1237,StockList object (082210)
1238,StockList object (082270)
1239,StockList object (082640)
1240,StockList object (082660)
1241,StockList object (082740)
1242,StockList object (082800)
1243,StockList object (082850)
1244,StockList object (082920)
1245,StockList object (083310)
1246,StockList object (083420)
1247,StockList object (083450)
1248,StockList object (083470)
1249,StockList object (083500)
1250,StockList object (083550)
1251,StockList object (083640)
1252,StockList object (083650)
1253,StockList object (083660)
1254,StockList object (083930)
1255,StockList object (084010)
1256,StockList object (084110)
1257,StockList object (084180)
1258,StockList object (084370)
1259,StockList object (084670)
1260,StockList object (084680)
1261,StockList object (084690)
1262,StockList object (084730)
1263,StockList object (084850)
1264,StockList object (084870)
1265,StockList object (085310)
1266,StockList object (085370)
1267,StockList object (085620)
1268,StockList object (085660)
1269,StockList object (085670)
1270,StockList object (085810)
1271,StockList object (085910)
1272,StockList object (086060)
1273,StockList object (086250)
1274,StockList object (086280)
1275,StockList object (086390)
1276,StockList object (086450)
1277,StockList object (086520)
1278,StockList object (086670)
1279,StockList object (086710)
1280,StockList object (086790)
1281,StockList object (086820)
1282,StockList object (086890)
1283,StockList object (086900)
1284,StockList object (086960)
1285,StockList object (086980)
1286,StockList object (087010)
1287,StockList object (087260)
1288,StockList object (087600)
1289,StockList object (087730)
1290,StockList object (088130)
1291,StockList object (088260)
1292,StockList object (088290)
1293,StockList object (088350)
1294,StockList object (088390)
1295,StockList object (088790)
1296,StockList object (088800)
1297,StockList object (088910)
1298,StockList object (088980)
1299,StockList object (089010)
1300,StockList object (089030)
1301,StockList object (089140)
1302,StockList object (089150)
1303,StockList object (089230)
1304,StockList object (089470)
1305,StockList object (089530)
1306,StockList object (089590)
1307,StockList object (089790)
1308,StockList object (089850)
1309,StockList object (089890)
1310,StockList object (089970)
1311,StockList object (089980)
1312,StockList object (090080)
1313,StockList object (090150)
1314,StockList object (090350)
1315,StockList object (090360)
1316,StockList object (090370)
1317,StockList object (090410)
1318,StockList object (090430)
1319,StockList object (090460)
1320,StockList object (090470)
1321,StockList object (090710)
1322,StockList object (090740)
1323,StockList object (091090)
1324,StockList object (091120)
1325,StockList object (091340)
1326,StockList object (091440)
1327,StockList object (091580)
1328,StockList object (091590)
1329,StockList object (091700)
1330,StockList object (091810)
1331,StockList object (091970)
1332,StockList object (091990)
1333,StockList object (092040)
1334,StockList object (092070)
1335,StockList object (092190)
1336,StockList object (092200)
1337,StockList object (092220)
1338,StockList object (092230)
1339,StockList object (092300)
1340,StockList object (092440)
1341,StockList object (092460)
1342,StockList object (092600)
1343,StockList object (092730)
1344,StockList object (092780)
1345,StockList object (092870)
1346,StockList object (093050)
1347,StockList object (093190)
1348,StockList object (093230)
1349,StockList object (093240)
1350,StockList object (093320)
1351,StockList object (093370)
1352,StockList object (093380)
1353,StockList object (093520)
1354,StockList object (093640)
1355,StockList object (093920)
1356,StockList object (094170)
1357,StockList object (094280)
1358,StockList object (094360)
1359,StockList object (094480)
1360,StockList object (094820)
1361,StockList object (094840)
1362,StockList object (094860)
1363,StockList object (094940)
1364,StockList object (094970)
1365,StockList object (095190)
1366,StockList object (095270)
1367,StockList object (095340)
1368,StockList object (095500)
1369,StockList object (095570)
1370,StockList object (095610)
1371,StockList object (095660)
1372,StockList object (095720)
1373,StockList object (095910)
1374,StockList object (096040)
1375,StockList object (096350)
1376,StockList object (096530)
1377,StockList object (096610)
1378,StockList object (096630)
1379,StockList object (096640)
1380,StockList object (096690)
1381,StockList object (096760)
1382,StockList object (096770)
1383,StockList object (096870)
1384,StockList object (097230)
1385,StockList object (097520)
1386,StockList object (097780)
1387,StockList object (097800)
1388,StockList object (097870)
1389,StockList object (097950)
1390,StockList object (098120)
1391,StockList object (098460)
1392,StockList object (098660)
1393,StockList object (099190)
1394,StockList object (099220)
1395,StockList object (099320)
1396,StockList object (099410)
1397,StockList object (099440)
1398,StockList object (099520)
1399,StockList object (099750)
1400,StockList object (100030)
1401,StockList object (100090)
1402,StockList object (100120)
1403,StockList object (100130)
1404,StockList object (100220)
1405,StockList object (100250)
1406,StockList object (100590)
1407,StockList object (100660)
1408,StockList object (100700)
1409,StockList object (100790)
1410,StockList object (100840)
1411,StockList object (101000)
1412,StockList object (101060)
1413,StockList object (101140)
1414,StockList object (101160)
1415,StockList object (101170)
1416,StockList object (101240)
1417,StockList object (101330)
1418,StockList object (101360)
1419,StockList object (101390)
1420,StockList object (101400)
1421,StockList object (101490)
1422,StockList object (101530)
1423,StockList object (101670)
1424,StockList object (101680)
1425,StockList object (101730)
1426,StockList object (101930)
1427,StockList object (102120)
1428,StockList object (102260)
1429,StockList object (102280)
1430,StockList object (102460)
1431,StockList object (102710)
1432,StockList object (102940)
1433,StockList object (103140)
1434,StockList object (103230)
1435,StockList object (103590)
1436,StockList object (103840)
1437,StockList object (104040)
1438,StockList object (104200)
1439,StockList object (104460)
1440,StockList object (104480)
1441,StockList object (104540)
1442,StockList object (104700)
1443,StockList object (104830)
1444,StockList object (105330)
1445,StockList object (105550)
1446,StockList object (105560)
1447,StockList object (105630)
1448,StockList object (105740)
1449,StockList object (105840)
1450,StockList object (106080)
1451,StockList object (106190)
1452,StockList object (106240)
1453,StockList object (106520)
1454,StockList object (107590)
1455,StockList object (108230)
1456,StockList object (108320)
1457,StockList object (108380)
1458,StockList object (108490)
1459,StockList object (108670)
1460,StockList object (108860)
1461,StockList object (109070)
1462,StockList object (109080)
1463,StockList object (109610)
1464,StockList object (109740)
1465,StockList object (109860)
1466,StockList object (109960)
1467,StockList object (110020)
1468,StockList object (110790)
1469,StockList object (110990)
1470,StockList object (111110)
1471,StockList object (111710)
1472,StockList object (111770)
1473,StockList object (111820)
1474,StockList object (111870)
1475,StockList object (112040)
1476,StockList object (112610)
1477,StockList object (113810)
1478,StockList object (114090)
1479,StockList object (114120)
1480,StockList object (114190)
1481,StockList object (114450)
1482,StockList object (114570)
1483,StockList object (114630)
1484,StockList object (114810)
1485,StockList object (115160)
1486,StockList object (115310)
1487,StockList object (115390)
1488,StockList object (115440)
1489,StockList object (115450)
1490,StockList object (115480)
1491,StockList object (115500)
1492,StockList object (115530)
1493,StockList object (115570)
1494,StockList object (115610)
1495,StockList object (115960)
1496,StockList object (117580)
1497,StockList object (117670)
1498,StockList object (117730)
1499,StockList object (118000)
1500,StockList object (118990)
1501,StockList object (119500)
1502,StockList object (119610)
1503,StockList object (119650)
1504,StockList object (119830)
1505,StockList object (119850)
1506,StockList object (119860)
1507,StockList object (120030)
1508,StockList object (120110)
1509,StockList object (120240)
1510,StockList object (121440)
1511,StockList object (121600)
1512,StockList object (121800)
1513,StockList object (121850)
1514,StockList object (121890)
1515,StockList object (122310)
1516,StockList object (122350)
1517,StockList object (122450)
1518,StockList object (122640)
1519,StockList object (122690)
1520,StockList object (122870)
1521,StockList object (122900)
1522,StockList object (122990)
1523,StockList object (123010)
1524,StockList object (123040)
1525,StockList object (123330)
1526,StockList object (123410)
1527,StockList object (123420)
1528,StockList object (123690)
1529,StockList object (123700)
1530,StockList object (123750)
1531,StockList object (123840)
1532,StockList object (123860)
1533,StockList object (123890)
1534,StockList object (124500)
1535,StockList object (124560)
1536,StockList object (125210)
1537,StockList object (126340)
1538,StockList object (126560)
1539,StockList object (126600)
1540,StockList object (126640)
1541,StockList object (126700)
1542,StockList object (126870)
1543,StockList object (126880)
1544,StockList object (127160)
1545,StockList object (127710)
1546,StockList object (128540)
1547,StockList object (128660)
1548,StockList object (128820)
1549,StockList object (128940)
1550,StockList object (129260)
1551,StockList object (129890)
1552,StockList object (130500)
1553,StockList object (130660)
1554,StockList object (130740)
1555,StockList object (131030)
1556,StockList object (131090)
1557,StockList object (131100)
1558,StockList object (131180)
1559,StockList object (131220)
1560,StockList object (131290)
1561,StockList object (131370)
1562,StockList object (131390)
1563,StockList object (131400)
1564,StockList object (131760)
1565,StockList object (131970)
1566,StockList object (133820)
1567,StockList object (134060)
1568,StockList object (134380)
1569,StockList object (134580)
1570,StockList object (134790)
1571,StockList object (136480)
1572,StockList object (136490)
1573,StockList object (136510)
1574,StockList object (136540)
1575,StockList object (137400)
1576,StockList object (137940)
1577,StockList object (137950)
1578,StockList object (138040)
1579,StockList object (138070)
1580,StockList object (138080)
1581,StockList object (138250)
1582,StockList object (138360)
1583,StockList object (138490)
1584,StockList object (138580)
1585,StockList object (138610)
1586,StockList object (138690)
1587,StockList object (138930)
1588,StockList object (139050)
1589,StockList object (139130)
1590,StockList object (139480)
1591,StockList object (139670)
1592,StockList object (140070)
1593,StockList object (140520)
1594,StockList object (140670)
1595,StockList object (140860)
1596,StockList object (140910)
1597,StockList object (141000)
1598,StockList object (141020)
1599,StockList object (141070)
1600,StockList object (142210)
1601,StockList object (142280)
1602,StockList object (143160)
1603,StockList object (143210)
1604,StockList object (143240)
1605,StockList object (143540)
1606,StockList object (144620)
1607,StockList object (144960)
1608,StockList object (145020)
1609,StockList object (145210)
1610,StockList object (145270)
1611,StockList object (145720)
1612,StockList object (145990)
1613,StockList object (147760)
1614,StockList object (147830)
1615,StockList object (148140)
1616,StockList object (148150)
1617,StockList object (148250)
1618,StockList object (149950)
1619,StockList object (149980)
1620,StockList object (150840)
1621,StockList object (150900)
1622,StockList object (151910)
1623,StockList object (153360)
1624,StockList object (153460)
1625,StockList object (153490)
1626,StockList object (153710)
1627,StockList object (154040)
1628,StockList object (155650)
1629,StockList object (155660)
1630,StockList object (155900)
1631,StockList object (156100)
1632,StockList object (158310)
1633,StockList object (158430)
1634,StockList object (159580)
1635,StockList object (159910)
1636,StockList object (160550)
1637,StockList object (160600)
1638,StockList object (160980)
1639,StockList object (161000)
1640,StockList object (161390)
1641,StockList object (161570)
1642,StockList object (161580)
1643,StockList object (161890)
1644,StockList object (163560)
1645,StockList object (163730)
1646,StockList object (164060)
1647,StockList object (166090)
1648,StockList object (166480)
1649,StockList object (170030)
1650,StockList object (170790)
1651,StockList object (170900)
1652,StockList object (170920)
1653,StockList object (171010)
1654,StockList object (171090)
1655,StockList object (171120)
1656,StockList object (172580)
1657,StockList object (173130)
1658,StockList object (173940)
1659,StockList object (174880)
1660,StockList object (174900)
1661,StockList object (175140)
1662,StockList object (175250)
1663,StockList object (175330)
1664,StockList object (176440)
1665,StockList object (177350)
1666,StockList object (177830)
1667,StockList object (178320)
1668,StockList object (178780)
1669,StockList object (178920)
1670,StockList object (179290)
1671,StockList object (179900)
1672,StockList object (180640)
1673,StockList object (181340)
1674,StockList object (181710)
1675,StockList object (182360)
1676,StockList object (182400)
1677,StockList object (182690)
1678,StockList object (183190)
1679,StockList object (183300)
1680,StockList object (183490)
1681,StockList object (184230)
1682,StockList object (185750)
1683,StockList object (186230)
1684,StockList object (187270)
1685,StockList object (187420)
1686,StockList object (187790)
1687,StockList object (187870)
1688,StockList object (189300)
1689,StockList object (189330)
1690,StockList object (189690)
1691,StockList object (189860)
1692,StockList object (189980)
1693,StockList object (190510)
1694,StockList object (190650)
1695,StockList object (191410)
1696,StockList object (191420)
1697,StockList object (192080)
1698,StockList object (192250)
1699,StockList object (192390)
1700,StockList object (192400)
1701,StockList object (192410)
1702,StockList object (192440)
1703,StockList object (192650)
1704,StockList object (192820)
1705,StockList object (193250)
1706,StockList object (194370)
1707,StockList object (194480)
1708,StockList object (194700)
1709,StockList object (195440)
1710,StockList object (195500)
1711,StockList object (195870)
1712,StockList object (195990)
1713,StockList object (196300)
1714,StockList object (196450)
1715,StockList object (196490)
1716,StockList object (196700)
1717,StockList object (197140)
1718,StockList object (198080)
1719,StockList object (198440)
1720,StockList object (199820)
1721,StockList object (200130)
1722,StockList object (200230)
1723,StockList object (200470)
1724,StockList object (200670)
1725,StockList object (200710)
1726,StockList object (200780)
1727,StockList object (200880)
1728,StockList object (201490)
1729,StockList object (203450)
1730,StockList object (203650)
1731,StockList object (203690)
1732,StockList object (204020)
1733,StockList object (204210)
1734,StockList object (204270)
1735,StockList object (204320)
1736,StockList object (204620)
1737,StockList object (204630)
1738,StockList object (205100)
1739,StockList object (205470)
1740,StockList object (205500)
1741,StockList object (206400)
1742,StockList object (206560)
1743,StockList object (206640)
1744,StockList object (206650)
1745,StockList object (207760)
1746,StockList object (207940)
1747,StockList object (208140)
1748,StockList object (208340)
1749,StockList object (208350)
1750,StockList object (208370)
1751,StockList object (208640)
1752,StockList object (208710)
1753,StockList object (208860)
1754,StockList object (210540)
1755,StockList object (210980)
1756,StockList object (211270)
1757,StockList object (212560)
1758,StockList object (213090)
1759,StockList object (213420)
1760,StockList object (213500)
1761,StockList object (214150)
1762,StockList object (214180)
1763,StockList object (214260)
1764,StockList object (214270)
1765,StockList object (214310)
1766,StockList object (214320)
1767,StockList object (214330)
1768,StockList object (214370)
1769,StockList object (214390)
1770,StockList object (214420)
1771,StockList object (214430)
1772,StockList object (214450)
1773,StockList object (214610)
1774,StockList object (214680)
1775,StockList object (214870)
1776,StockList object (215000)
1777,StockList object (215090)
1778,StockList object (215100)
1779,StockList object (215360)
1780,StockList object (215480)
1781,StockList object (215790)
1782,StockList object (216080)
1783,StockList object (217190)
1784,StockList object (217270)
1785,StockList object (217480)
1786,StockList object (217500)
1787,StockList object (217730)
1788,StockList object (217820)
1789,StockList object (218150)
1790,StockList object (218410)
1791,StockList object (219130)
1792,StockList object (219420)
1793,StockList object (219550)
1794,StockList object (219750)
1795,StockList object (220100)
1796,StockList object (220180)
1797,StockList object (220260)
1798,StockList object (220630)
1799,StockList object (221610)
1800,StockList object (221840)
1801,StockList object (221980)
1802,StockList object (222040)
1803,StockList object (222080)
1804,StockList object (222110)
1805,StockList object (222420)
1806,StockList object (222800)
1807,StockList object (222810)
1808,StockList object (222980)
1809,StockList object (223310)
1810,StockList object (224060)
1811,StockList object (224110)
1812,StockList object (225190)
1813,StockList object (225220)
1814,StockList object (225430)
1815,StockList object (225530)
1816,StockList object (225570)
1817,StockList object (225590)
1818,StockList object (226320)
1819,StockList object (226330)
1820,StockList object (226340)
1821,StockList object (226350)
1822,StockList object (226360)
1823,StockList object (226400)
1824,StockList object (226440)
1825,StockList object (227100)
1826,StockList object (227610)
1827,StockList object (227840)
1828,StockList object (227950)
1829,StockList object (228340)
1830,StockList object (228670)
1831,StockList object (228760)
1832,StockList object (228850)
1833,StockList object (229000)
1834,StockList object (229640)
1835,StockList object (230240)
1836,StockList object (230980)
1837,StockList object (232140)
1838,StockList object (234080)
1839,StockList object (234100)
1840,StockList object (234300)
1841,StockList object (234340)
1842,StockList object (234690)
1843,StockList object (234920)
1844,StockList object (236200)
1845,StockList object (237690)
1846,StockList object (237750)
1847,StockList object (237880)
1848,StockList object (238090)
1849,StockList object (238120)
1850,StockList object (238200)
1851,StockList object (238490)
1852,StockList object (239340)
1853,StockList object (239610)
1854,StockList object (239890)
1855,StockList object (240810)
1856,StockList object (241520)
1857,StockList object (241560)
1858,StockList object (241590)
1859,StockList object (241690)
1860,StockList object (241710)
1861,StockList object (241770)
1862,StockList object (241790)
1863,StockList object (241820)
1864,StockList object (241840)
1865,StockList object (242040)
1866,StockList object (243070)
1867,StockList object (243840)
1868,StockList object (244460)
1869,StockList object (244920)
1870,StockList object (246690)
1871,StockList object (246710)
1872,StockList object (246720)
1873,StockList object (246960)
1874,StockList object (247540)
1875,StockList object (247660)
1876,StockList object (248070)
1877,StockList object (248170)
1878,StockList object (249420)
1879,StockList object (250000)
1880,StockList object (250060)
1881,StockList object (250930)
1882,StockList object (251270)
1883,StockList object (251370)
1884,StockList object (251630)
1885,StockList object (251970)
1886,StockList object (252500)
1887,StockList object (252990)
1888,StockList object (253450)
1889,StockList object (253590)
1890,StockList object (253840)
1891,StockList object (254120)
1892,StockList object (255220)
1893,StockList object (255440)
1894,StockList object (256150)
1895,StockList object (256630)
1896,StockList object (256840)
1897,StockList object (256940)
1898,StockList object (257370)
1899,StockList object (258610)
1900,StockList object (258790)
1901,StockList object (258830)
1902,StockList object (259630)
1903,StockList object (260660)
1904,StockList object (260930)
1905,StockList object (261200)
1906,StockList object (262260)
1907,StockList object (262840)
1908,StockList object (263020)
1909,StockList object (263050)
1910,StockList object (263540)
1911,StockList object (263600)
1912,StockList object (263690)
1913,StockList object (263700)
1914,StockList object (263720)
1915,StockList object (263750)
1916,StockList object (263770)
1917,StockList object (263800)
1918,StockList object (263810)
1919,StockList object (263860)
1920,StockList object (263920)
1921,StockList object (264450)
1922,StockList object (264660)
1923,StockList object (264850)
1924,StockList object (264900)
1925,StockList object (265520)
1926,StockList object (265560)
1927,StockList object (265740)
1928,StockList object (267250)
1929,StockList object (267260)
1930,StockList object (267270)
1931,StockList object (267290)
1932,StockList object (267320)
1933,StockList object (267790)
1934,StockList object (267850)
1935,StockList object (267980)
1936,StockList object (268280)
1937,StockList object (269620)
1938,StockList object (270870)
1939,StockList object (271560)
1940,StockList object (271980)
1941,StockList object (272110)
1942,StockList object (272210)
1943,StockList object (272290)
1944,StockList object (272450)
1945,StockList object (272550)
1946,StockList object (274090)
1947,StockList object (275630)
1948,StockList object (277070)
1949,StockList object (277410)
1950,StockList object (277810)
1951,StockList object (277880)
1952,StockList object (278280)
1953,StockList object (279600)
1954,StockList object (280360)
1955,StockList object (281740)
1956,StockList object (281820)
1957,StockList object (282330)
1958,StockList object (282690)
1959,StockList object (282880)
1960,StockList object (284740)
1961,StockList object (285130)
1962,StockList object (285490)
1963,StockList object (286750)
1964,StockList object (286940)
1965,StockList object (287410)
1966,StockList object (288330)
1967,StockList object (288620)
1968,StockList object (289010)
1969,StockList object (289080)
1970,StockList object (289220)
1971,StockList object (290120)
1972,StockList object (290270)
1973,StockList object (290380)
1974,StockList object (290510)
1975,StockList object (290520)
1976,StockList object (290550)
1977,StockList object (290650)
1978,StockList object (290660)
1979,StockList object (290670)
1980,StockList object (290690)
1981,StockList object (290720)
1982,StockList object (290740)
1983,StockList object (291230)
1984,StockList object (293480)
1985,StockList object (293490)
1986,StockList object (293580)
1987,StockList object (293940)
1988,StockList object (294090)
1989,StockList object (294140)
1990,StockList object (294570)
1991,StockList object (294630)
1992,StockList object (294870)
1993,StockList object (297090)
1994,StockList object (297570)
1995,StockList object (297890)
1996,StockList object (298000)
1997,StockList object (298020)
1998,StockList object (298040)
1999,StockList object (298050)
2000,StockList object (298060)
2001,StockList object (298380)
2002,StockList object (298540)
2003,StockList object (298690)
2004,StockList object (299030)
2005,StockList object (299170)
2006,StockList object (299900)
2007,StockList object (299910)
2008,StockList object (300080)
2009,StockList object (300120)
2010,StockList object (300720)
2011,StockList object (301300)
2012,StockList object (302430)
2013,StockList object (302440)
2014,StockList object (302550)
2015,StockList object (303030)
2016,StockList object (304100)
2017,StockList object (304840)
2018,StockList object (305090)
2019,StockList object (306040)
2020,StockList object (306200)
2021,StockList object (306620)
2022,StockList object (307070)
2023,StockList object (307160)
2024,StockList object (307180)
2025,StockList object (307280)
2026,StockList object (307750)
2027,StockList object (307870)
2028,StockList object (307930)
2029,StockList object (307950)
2030,StockList object (308100)
2031,StockList object (308170)
2032,StockList object (309930)
2033,StockList object (310200)
2034,StockList object (310840)
2035,StockList object (310870)
2036,StockList object (311270)
2037,StockList object (311390)
2038,StockList object (312610)
2039,StockList object (313750)
2040,StockList object (313760)
2041,StockList object (314130)
2042,StockList object (314930)
2043,StockList object (316140)
2044,StockList object (317030)
2045,StockList object (317120)
2046,StockList object (317240)
2047,StockList object (317320)
2048,StockList object (317330)
2049,StockList object (317400)
2050,StockList object (317530)
2051,StockList object (317690)
2052,StockList object (317770)
2053,StockList object (317830)
2054,StockList object (317850)
2055,StockList object (317870)
2056,StockList object (318000)
2057,StockList object (318010)
2058,StockList object (318020)
2059,StockList object (318410)
2060,StockList object (319400)
2061,StockList object (319660)
2062,StockList object (320000)
2063,StockList object (321260)
2064,StockList object (321820)
2065,StockList object (322000)
2066,StockList object (322180)
2067,StockList object (322310)
2068,StockList object (322510)
2069,StockList object (322780)
2070,StockList object (323210)
2071,StockList object (323230)
2072,StockList object (323280)
2073,StockList object (323940)
2074,StockList object (326030)
2075,StockList object (327260)
2076,StockList object (328380)
2077,StockList object (329560)
2078,StockList object (330350)
2079,StockList object (330590)
2080,StockList object (330860)
2081,StockList object (330990)
2082,StockList object (331380)
2083,StockList object (331520)
2084,StockList object (331920)
2085,StockList object (332290)
2086,StockList object (332370)
2087,StockList object (332570)
2088,StockList object (332710)
2089,StockList object (333050)
2090,StockList object (333430)
2091,StockList object (333620)
2092,StockList object (334890)
2093,StockList object (334970)
2094,StockList object (335810)
2095,StockList object (335870)
2096,StockList object (335890)
2097,StockList object (336060)
2098,StockList object (336260)
2099,StockList object (336370)
2100,StockList object (336570)
2101,StockList object (337450)
2102,StockList object (337930)
2103,StockList object (338100)
2104,StockList object (338220)
2105,StockList object (339770)
2106,StockList object (340120)
2107,StockList object (340350)
2108,StockList object (340360)
2109,StockList object (340440)
2110,StockList object (340570)
2111,StockList object (340930)
2112,StockList object (341160)
2113,StockList object (342550)
2114,StockList object (343510)
2115,StockList object (344050)
2116,StockList object (344820)
2117,StockList object (347000)
2118,StockList object (347140)
2119,StockList object (347700)
2120,StockList object (347770)
2121,StockList object (347860)
2122,StockList object (347890)
2123,StockList object (348030)
2124,StockList object (348210)
2125,StockList object (348350)
2126,StockList object (348950)
2127,StockList object (349720)
2128,StockList object (350520)
2129,StockList object (351320)
2130,StockList object (351330)
2131,StockList object (351340)
2132,StockList object (352480)
2133,StockList object (352700)
2134,StockList object (352820)
2135,StockList object (352940)
2136,StockList object (353060)
2137,StockList object (353070)
2138,StockList object (353190)
2139,StockList object (353200)
2140,StockList object (353490)
2141,StockList object (353810)
2142,StockList object (355150)
2143,StockList object (356860)
2144,StockList object (356890)
2145,StockList object (357120)
2146,StockList object (357230)
2147,StockList object (357250)
2148,StockList object (357550)
2149,StockList object (357780)
2150,StockList object (359090)
2151,StockList object (361390)
2152,StockList object (361610)
2153,StockList object (361670)
2154,StockList object (363260)
2155,StockList object (363280)
2156,StockList object (365550)
2157,StockList object (365590)
2158,StockList object (366330)
2159,StockList object (367340)
2160,StockList object (367360)
2161,StockList object (367460)
2162,StockList object (367480)
2163,StockList object (368770)
2164,StockList object (369370)
2165,StockList object (372290)
2166,StockList object (373200)
2167,StockList object (373340)
2168,StockList object (375500)
2169,StockList object (377400)
2170,StockList object (377630)
2171,StockList object (378850)
2172,StockList object (380440)
2173,StockList object (383220)
